<?xml version="1.0" encoding="UTF-8"?>
<beans xmlns="http://www.springframework.org/schema/beans"
	xmlns:xsi="http://www.w3.org/2001/XMLSchema-instance" xmlns:context="http://www.springframework.org/schema/context"
	xmlns:jdbc="http://www.springframework.org/schema/jdbc" xmlns:tx="http://www.springframework.org/schema/tx"
	xmlns:util="http://www.springframework.org/schema/util" xmlns:jpa="http://www.springframework.org/schema/data/jpa"
	xmlns:jee="http://www.springframework.org/schema/jee"
	xsi:schemaLocation="http://www.springframework.org/schema/jdbc http://www.springframework.org/schema/jdbc/spring-jdbc-3.0.xsd
		http://www.springframework.org/schema/beans http://www.springframework.org/schema/beans/spring-beans-3.0.xsd
		http://www.springframework.org/schema/tx http://www.springframework.org/schema/tx/spring-tx-3.0.xsd
		http://www.springframework.org/schema/context http://www.springframework.org/schema/context/spring-context-3.0.xsd
		http://www.springframework.org/schema/util
        http://www.springframework.org/schema/util/spring-util.xsd
        http://www.springframework.org/schema/data/jpa
    http://www.springframework.org/schema/data/jpa/spring-jpa.xsd
    http://www.springframework.org/schema/jee http://www.springframework.org/schema/jee/spring-jee.xsd">

	<description>Example configuration to get you started.</description>
	
	<import resource="transaction-settings.xml"/>

	<!-- <jdbc:embedded-database id="dataSource" type="H2" /> -->

	<!-- <tx:annotation-driven transaction-manager="transactionManager" /> -->

	<context:component-scan base-package="com.taskify" />
	<!-- <util:properties id="postgresql-ds" location="classpath:/META-INF/spring/postgresql-ds.properties" 
		/> -->
	<jpa:repositories base-package="com.taskify.dao" />
	<context:property-placeholder
		location="/WEB-INF/spring/postgresql-ds.properties" />

	<bean id="dataSource" class="org.apache.commons.dbcp2.BasicDataSource"
		destroy-method="close">
		<property name="driverClassName" value="${driverClassName}" />
		<property name="url" value="${url}" />
		<property name="username" value="${username}" />
		<property name="password" value="${password}" />
		<property name="maxTotal" value="3" />
		<property name="maxWaitMillis" value="1000" />
	</bean>
	<bean id="transactionManager" class="org.springframework.orm.jpa.JpaTransactionManager">
		<property name="entityManagerFactory" ref="entityManagerFactory" />
	</bean>
<!-- 	<bean id="taskifyDS"
		class="org.springframework.jdbc.datasource.DriverManagerDataSource">
		<property name="driverClassName" value="${driverClassName}" />
		<property name="url" value="${url}" />
		<property name="username" value="${username}" />
		<property name="password" value="${password}" />
	</bean>
 -->
<!-- 
	<bean id="dataSource"
		class="org.springframework.jdbc.datasource.DriverManagerDataSource">
		<property name="driverClassName" value="${driverClassName}" />
		<property name="url" value="${url}" />
		<property name="username" value="${username}" />
		<property name="password" value="${password}" />
	</bean> -->

	<bean id="entityManagerFactory"
		class="org.springframework.orm.jpa.LocalContainerEntityManagerFactoryBean">
		<property name="dataSource" ref="dataSource" />
		<property name="loadTimeWeaver">
			<bean
				class="org.springframework.instrument.classloading.InstrumentationLoadTimeWeaver" />
		</property>
		<property name="jpaPropertyMap">
			<props>
				<prop key="hibernate.hbm2ddl.auto">create-drop</prop>
				<prop key="hibernate.dialect">org.hibernate.dialect.PostgreSQL94Dialect</prop>
			</props>
		</property>
		<property name="jpaVendorAdapter">
			<bean class="org.springframework.orm.jpa.vendor.HibernateJpaVendorAdapter">
				<property name="showSql" value="true" />
				<property name="generateDdl" value="true" />
				<property name="database" value="POSTGRESQL" />
			</bean>
		</property>
		<property name="packagesToScan" value="com.taskify.domain"/>
		<property name="sharedCacheMode" value="ENABLE_SELECTIVE"/>
		<property name="validationMode" value="NONE"/>
	</bean>
	
	<!-- <jee:jndi-lookup id="taskifyDS" jndi-name="java:jboss/datasources/taskify" expected-type="javax.sql.DataSource/>
	
	<jee:jndi-lookup id="taskifyDS" jndi-name="jdbc/MyDataSource">
    newline-separated, key-value pairs for the environment (standard Properties format)
    <jee:environment>
        foo=bar
        ping=pong
    </jee:environment>
</jee:jndi-lookup> -->
<!-- 
	<jdbc:embedded-database id="dataSource" type="HSQL">
		<jdbc:script location="classpath:db-scripts/hsql/db-schema.sql" />
	</jdbc:embedded-database> -->
</beans>
