<?xml version="1.0" encoding="UTF-8"?>
<beans xmlns="http://www.springframework.org/schema/beans"
    xmlns:xsi="http://www.w3.org/2001/XMLSchema-instance"
	xmlns:context="http://www.springframework.org/schema/context"
	xmlns:oxm="http://www.springframework.org/schema/oxm"
	xmlns:util="http://www.springframework.org/schema/util" 
	xmlns:aop="http://www.springframework.org/schema/aop"
	xmlns:p="http://www.springframework.org/schema/p"
	xmlns:mvc="http://www.springframework.org/schema/mvc"
	xmlns:security="http://www.springframework.org/schema/security"
	xsi:schemaLocation="http://www.springframework.org/schema/beans
    http://www.springframework.org/schema/beans/spring-beans.xsd
	http://www.springframework.org/schema/context 
	http://www.springframework.org/schema/context/spring-context-4.0.xsd
	http://www.springframework.org/schema/mvc 
	http://www.springframework.org/schema/mvc/spring-mvc-4.0.xsd
	http://www.springframework.org/schema/util 
	http://www.springframework.org/schema/util/spring-util-4.0.xsd
	http://www.springframework.org/schema/aop 
	http://www.springframework.org/schema/aop/spring-aop-4.0.xsd
	http://www.springframework.org/schema/oxm 
	http://www.springframework.org/schema/oxm/spring-oxm-4.0.xsd
	http://www.springframework.org/schema/security 
	http://www.springframework.org/schema/security/spring-security-4.0.xsd">  

	<context:component-scan base-package="edu.zipcloud.cloudstreetmarket.api"/>
	<context:property-placeholder location="file:${user.home}/app/cloudstreetmarket.properties" />
	
	<bean id="viewResolver" class="org.springframework.web.servlet.view.InternalResourceViewResolver">
		<property name="viewClass" value="org.springframework.web.servlet.view.JstlView" />
		<property name="prefix" value="/WEB-INF/jsp/" />
		<property name="suffix" value=".jsp" />
	</bean>
	
	<bean class="org.springframework.web.servlet.mvc.method.annotation.RequestMappingHandlerAdapter">
		<property name="webBindingInitializer">
			<bean class="org.springframework.web.bind.support.ConfigurableWebBindingInitializer"/>
		</property>
	    <property name="messageConverters">
	        <list>
	        	<ref bean="jsonConverter"/>
                <ref bean="xmlConverter"/>
                <ref bean="resourceConverter"/>
                <ref bean="byteArrayConverter"/>
	        </list>
	    </property>
		<property name="customArgumentResolvers">
			<list>
				<bean class="net.kaczmarzyk.spring.data.jpa.web.SpecificationArgumentResolver"/>
		        <bean class="org.springframework.data.web.PageableHandlerMethodArgumentResolver"/>
			</list>
		</property>
	    <property name="requireSession" value="false"/>
	    <property name="contentNegotiationManager" ref="contentNegotiationManager"/>
	</bean>

	<bean id="multipartResolver"
	    class="org.springframework.web.multipart.commons.CommonsMultipartResolver">
	
	    <!-- one of the properties available; the maximum file size in bytes -->
	    <property name="maxUploadSize" value="${pictures.max.upload.size}"/>
	</bean>

	<bean id="contentNegotiationManager" class="org.springframework.web.accept.ContentNegotiationManagerFactoryBean">
	    <property name="favorPathExtension" value="true" />
	    <property name="favorParameter" value="false" />
	    <property name="ignoreAcceptHeader" value="false"/>
	    <property name="parameterName" value="format" />
	    <property name="useJaf" value="false"/>
	    <property name="defaultContentType" value="application/json" />

	    <property name="mediaTypes">
	        <map>
	            <entry key="json" value="application/json" />
	            <entry key="xml" value="application/xml" />
	            <entry key="png" value="image/png"/>
	       </map>
	    </property>
	</bean>

	<bean id="jsonConverter" class="org.springframework.http.converter.json.MappingJackson2HttpMessageConverter">
	    <property name="supportedMediaTypes" value="application/json"/>
	    <property name="objectMapper">
	   		<!-- Automatically parses the Dates of the response object into a default string format-->
           <bean class="com.fasterxml.jackson.databind.ObjectMapper">
               <property name="dateFormat">
	               <bean class="java.text.SimpleDateFormat">
	               		<constructor-arg type="java.lang.String" value="yyyy-MM-dd HH:mm"/>
	               </bean>
               </property>
           </bean>
        </property>
	</bean>

	<bean id="byteArrayConverter" class="org.springframework.http.converter.ByteArrayHttpMessageConverter">
            <property name="supportedMediaTypes">
                <list>
                    <value>image/png</value>
                </list>
            </property> 
	</bean>
	
	<bean id="xmlConverter" class="org.springframework.http.converter.xml.MarshallingHttpMessageConverter">
		<property name="supportedMediaTypes" value="application/xml"/>
   		<property name="marshaller">
   			<ref bean="xStreamMarshaller"/>
       	</property>
   		<property name="unmarshaller">
	    	<ref bean="xStreamMarshaller"/>
       	</property>
	</bean>
	
	<bean id="resourceConverter" class="org.springframework.http.converter.ResourceHttpMessageConverter"/>

    <bean id="xStreamMarshaller" class="org.springframework.oxm.xstream.XStreamMarshaller">
    	<property name="autodetectAnnotations" value="true"/>
	    <property name="aliasesByType">
	        <map>
	        	<entry key="pagedResources" value="org.springframework.hateoas.PagedResources"/>
	            <entry key="page" value="org.springframework.data.domain.Slice"/>
	            <entry key="pageInfo" value="org.springframework.data.domain.Pageable"/>
	            <entry key="sort" value="org.springframework.data.domain.Sort"/>
	            <entry key="order" value="org.springframework.data.domain.Sort.Order"/>
	            <entry key="link" value="org.springframework.hateoas.Link"/>
	        </map>
	    </property>
	    <property name="omittedFields">
	        <map>
	            <entry key="org.springframework.hateoas.Link" value="template"/>
	        </map>
	    </property>
	    <property name="converters">
	    	<list>
	    		<bean class="com.thoughtworks.xstream.converters.basic.DateConverter"/>
	    	</list>
	    </property>
    </bean>

	<bean class="com.mangofactory.swagger.configuration.SpringSwaggerConfig" />
	<bean class="edu.zipcloud.cloudstreetmarket.api.config.AnnotationConfig"/>

    <bean class="org.springframework.social.connect.web.ProviderSignInController">
	    <constructor-arg ref="connectionFactoryLocator"/>
	    <constructor-arg ref="usersConnectionRepository"/>
	    <constructor-arg ref="signInAdapter"/>
	    <property name="signUpUrl" value="/oauth2/signup"/>
	    <property name="postSignInUrl" value="${frontend.home.page.url}"/>
    </bean>

	<bean id="signInAdapter" class="edu.zipcloud.cloudstreetmarket.api.signin.SignInAdapterImpl"/>

	<mvc:interceptors>
		<bean class="edu.zipcloud.cloudstreetmarket.api.controllers.CloudstreetApiWCI"/>
	</mvc:interceptors>

	<bean id="usersConnectionRepository" class="edu.zipcloud.cloudstreetmarket.core.services.SocialUserServiceImpl"/>

	<bean id="connectionRepository" factory-method="createConnectionRepository" factory-bean="usersConnectionRepository" scope="request">
	    <constructor-arg value="#{request.userPrincipal.name}" />
	    <aop:scoped-proxy proxy-target-class="false" />
	</bean>

	<bean id="connectionFactoryLocator" 
	      class="org.springframework.social.connect.support.ConnectionFactoryRegistry">
	    <property name="connectionFactories">
	        <list>
	            <bean class="org.springframework.social.yahoo.connect.YahooOAuth2ConnectionFactory">
	                <constructor-arg value="${yahoo.client.token}" />
	                <constructor-arg value="${yahoo.client.secret}" />				
	                <constructor-arg value="${yahoo.signin.url}" />			
	            </bean>
	        </list>
	    </property>
	</bean>

	<bean class="org.springframework.data.web.PagedResourcesAssembler">
		<constructor-arg><null/></constructor-arg>
		<constructor-arg><null/></constructor-arg>
	</bean>
	
	<bean id="validator" class="org.springframework.validation.beanvalidation.LocalValidatorFactoryBean"/>
	
	<!-- Serve static content-->
	<mvc:default-servlet-handler />
	<mvc:annotation-driven />

</beans>