<?xml version="1.0" encoding="UTF-8"?>
<beans xmlns="http://www.springframework.org/schema/beans"
    xmlns:xsi="http://www.w3.org/2001/XMLSchema-instance"
	xmlns:context="http://www.springframework.org/schema/context"
	xmlns:p="http://www.springframework.org/schema/p"
	xmlns:mvc="http://www.springframework.org/schema/mvc"
	xmlns:security="http://www.springframework.org/schema/security"
	xmlns:websocket="http://www.springframework.org/schema/websocket"
	xsi:schemaLocation="http://www.springframework.org/schema/beans
    http://www.springframework.org/schema/beans/spring-beans-3.2.xsd
	http://www.springframework.org/schema/context 
	http://www.springframework.org/schema/context/spring-context-4.2.xsd
	http://www.springframework.org/schema/mvc 
	http://www.springframework.org/schema/mvc/spring-mvc-4.2.xsd
	http://www.springframework.org/schema/security 
	http://www.springframework.org/schema/security/spring-security-4.0.xsd
    http://www.springframework.org/schema/websocket
    http://www.springframework.org/schema/websocket/spring-websocket-4.2.xsd">

	<context:annotation-config/>

	<context:property-placeholder location="file:${user.home}/app/cloudstreetmarket.properties" />

    <bean id="authenticationEntryPoint" 
        class="edu.zipcloud.cloudstreetmarket.core.authentication.CustomBasicAuthenticationEntryPoint">
        <property name="realmName" value="${realm.name}" />
        <property name="scheme" value="CSM_Basic"/>
    </bean>
    
    <security:http create-session="ifRequired" use-expressions="true"
        authentication-manager-ref="authenticationManager" entry-point-ref="authenticationEntryPoint">
        <security:custom-filter ref="basicAuthenticationFilter" after="BASIC_AUTH_FILTER" />
        <security:csrf disabled="true"/>
        
        <security:intercept-url pattern="/oauth2/**" access="permitAll"/>
        <security:intercept-url pattern="/basic.html" access="hasRole('BASIC')"/>

        <security:headers >
        	<security:frame-options policy="SAMEORIGIN" />
        </security:headers>
        
        <security:session-management session-authentication-strategy-ref="sas" />
    </security:http>

	<security:authentication-manager alias="authenticationManager">
    	<security:authentication-provider user-service-ref='communityServiceImpl'>
    		<security:password-encoder ref="passwordEncoder"/>
    	</security:authentication-provider>
  	</security:authentication-manager>

	<bean id="sas" class="org.springframework.security.web.authentication.session.SessionFixationProtectionStrategy" />

    <bean id="basicAuthenticationFilter"
        class="org.springframework.security.web.authentication.www.BasicAuthenticationFilter">
        <constructor-arg name="authenticationManager" ref="authenticationManager" />
        <constructor-arg name="authenticationEntryPoint" ref="authenticationEntryPoint" />
    </bean>

    <bean class="org.springframework.data.redis.connection.jedis.JedisConnectionFactory" p:port="6379"/>
	<bean class="org.springframework.session.data.redis.config.annotation.web.http.RedisHttpSessionConfiguration"/>
	<bean class="edu.zipcloud.cloudstreetmarket.core.util.RootPathCookieHttpSessionStrategy"/>

</beans>