<?xml version="1.0" encoding="UTF-8"?>
<beans xmlns="http://www.springframework.org/schema/beans"  
 xmlns:xsi="http://www.w3.org/2001/XMLSchema-instance" 
	xmlns:p="http://www.springframework.org/schema/p"
 	xmlns:context="http://www.springframework.org/schema/context"  
	xmlns:jdbc="http://www.springframework.org/schema/jdbc"
	xmlns:jpa="http://www.springframework.org/schema/data/jpa"
	xmlns:aop="http://www.springframework.org/schema/aop"
	xmlns:tx="http://www.springframework.org/schema/tx"
	xmlns:security="http://www.springframework.org/schema/security"
	xsi:schemaLocation="http://www.springframework.org/schema/beans 
		http://www.springframework.org/schema/beans/spring-beans.xsd
		http://www.springframework.org/schema/jdbc 
		http://www.springframework.org/schema/jdbc/spring-jdbc-4.0.xsd
		http://www.springframework.org/schema/data/jpa
		http://www.springframework.org/schema/data/jpa/spring-jpa-1.0.xsd
        http://www.springframework.org/schema/tx 
        http://www.springframework.org/schema/tx/spring-tx-4.0.xsd
		http://www.springframework.org/schema/aop 
		http://www.springframework.org/schema/aop/spring-aop-4.0.xsd
		http://www.springframework.org/schema/context  
		http://www.springframework.org/schema/context/spring-context-4.0.xsd
		http://www.springframework.org/schema/security 
		http://www.springframework.org/schema/security/spring-security-4.0.xsd">  
 
 	<context:annotation-config/>
 	<context:component-scan base-package="edu.zipcloud.cloudstreetmarket.core" />  

	<jpa:repositories base-package="edu.zipcloud.cloudstreetmarket.core.daos" />

    <bean id="dataSource" class="org.apache.commons.dbcp2.BasicDataSource" destroy-method="close">
        <property name="driverClassName">
            <value>org.hsqldb.jdbcDriver</value>
        </property>
        <property name="url">
            <value>jdbc:hsqldb:mem:csm</value>
        </property>
        <property name="username">
            <value>sa</value>
        </property>
    </bean>

	<bean id="entityManagerFactory" class="org.springframework.orm.jpa.LocalContainerEntityManagerFactoryBean">
		<property name="persistenceUnitName" value="jpaData"/>
		<property name="dataSource" ref="dataSource" />
		<property name="jpaVendorAdapter">
			<bean class="org.springframework.orm.jpa.vendor.HibernateJpaVendorAdapter"/>
		</property>
		<property name="jpaProperties">
            <props>
                <prop key="hibernate.dialect">org.hibernate.dialect.HSQLDialect</prop>
                <prop key="hibernate.show_sql">false</prop>
                <prop key="hibernate.format_sql">false</prop>
                <prop key="hibernate.hbm2ddl.auto">update</prop>
                <prop key="hibernate.default_schema">public</prop>
            </props>
        </property>
	</bean>
	
	<bean id="transactionManager" class="org.springframework.orm.jpa.JpaTransactionManager" >
	    <property name="dataSource" ref="dataSource" />
	</bean>

	<bean id="passwordEncoder" class="org.springframework.security.crypto.bcrypt.BCryptPasswordEncoder"/>

	<bean id="messageBundle" class="edu.zipcloud.cloudstreetmarket.core.i18n.SerializableResourceBundleMessageSource">
		<property name="basenames" value="classpath:/META-INF/i18n/messages,classpath:/META-INF/i18n/errors"/>
	    <property name="fileEncodings" value="UTF-8" />
	    <property name="defaultEncoding" value="UTF-8" />
	</bean>

	<jdbc:initialize-database data-source="dataSource">
	    <jdbc:script location="classpath:/META-INF/db/init.sql"/>
	    <jdbc:script location="classpath:/META-INF/db/indices.sql"/>
	    <jdbc:script location="classpath:/META-INF/db/currency_exchange.sql"/>
	    <jdbc:script location="classpath:/META-INF/db/stocks.sql"/>
	</jdbc:initialize-database>

    <tx:annotation-driven transaction-manager="transactionManager"
        proxy-target-class="true" />

</beans>