<?xml version="1.0" encoding="UTF-8"?>
<beans xmlns="http://www.springframework.org/schema/beans"
    xmlns:xsi="http://www.w3.org/2001/XMLSchema-instance"
	xmlns:context="http://www.springframework.org/schema/context"
	xmlns:util="http://www.springframework.org/schema/util" 
	xmlns:p="http://www.springframework.org/schema/p"
	xmlns:aop="http://www.springframework.org/schema/aop"
	xmlns:mvc="http://www.springframework.org/schema/mvc"
	xsi:schemaLocation="http://www.springframework.org/schema/beans
    http://www.springframework.org/schema/beans/spring-beans.xsd
	http://www.springframework.org/schema/context 
	http://www.springframework.org/schema/context/spring-context-4.0.xsd
	http://www.springframework.org/schema/aop 
	http://www.springframework.org/schema/aop/spring-aop-4.0.xsd
	http://www.springframework.org/schema/mvc 
	http://www.springframework.org/schema/mvc/spring-mvc-4.0.xsd
	http://www.springframework.org/schema/util 
	http://www.springframework.org/schema/util/spring-util-4.0.xsd">

	<context:component-scan base-package="edu.zipcloud.cloudstreetmarket.portal"/>

	<bean class="org.springframework.web.servlet.mvc.method.annotation.RequestMappingHandlerAdapter"/>
	
	<bean id="viewResolver" class="org.springframework.web.servlet.view.InternalResourceViewResolver">
		<property name="viewClass" value="org.springframework.web.servlet.view.JstlView" />
		<property name="prefix" value="/WEB-INF/jsp/" />
		<property name="suffix" value=".jsp" />
	</bean>
	
	<bean id="webAppVersion" class="java.lang.String">
		<constructor-arg value="1.0.0"/>
	</bean>
  
	<mvc:annotation-driven />
	<mvc:resources mapping="/css/**" location="/css/" />
	<mvc:resources mapping="/img/**" location="/img/" />
	<mvc:resources mapping="/js/**" location="/js/" />
	<mvc:resources mapping="/html/**" location="/html/" />
	<mvc:resources mapping="/fonts/**" location="/fonts/" />
	
	<mvc:interceptors>
		<bean class="edu.zipcloud.cloudstreetmarket.portal.controllers.CloudstreetWebAppWCI">
		<property name="cacheMappings">
			<props>
				<prop key="/**/*.js">86400</prop>
				<prop key="/**/*.css">86400</prop>
				<prop key="/**/*.png">86400</prop>
				<prop key="/**/*.jpg">86400</prop>
			</props>
		</property>
		</bean> 
	</mvc:interceptors>
	
</beans>