<?xml version="1.0" encoding="UTF-8"?>
<beans xmlns="http://www.springframework.org/schema/beans"
    xmlns:xsi="http://www.w3.org/2001/XMLSchema-instance"
	xmlns:context="http://www.springframework.org/schema/context"
	xmlns:oxm="http://www.springframework.org/schema/oxm"
	xmlns:util="http://www.springframework.org/schema/util" 
	xmlns:aop="http://www.springframework.org/schema/aop"
	xmlns:p="http://www.springframework.org/schema/p"
	xmlns:mvc="http://www.springframework.org/schema/mvc"
	xmlns:security="http://www.springframework.org/schema/security"
	xmlns:websocket="http://www.springframework.org/schema/websocket"
	xmlns:rabbit="http://www.springframework.org/schema/rabbit"
	xmlns:task="http://www.springframework.org/schema/task"
	xsi:schemaLocation="http://www.springframework.org/schema/beans
    http://www.springframework.org/schema/beans/spring-beans.xsd
	http://www.springframework.org/schema/context 
	http://www.springframework.org/schema/context/spring-context-4.0.xsd
	http://www.springframework.org/schema/mvc 
	http://www.springframework.org/schema/mvc/spring-mvc-4.0.xsd
	http://www.springframework.org/schema/util 
	http://www.springframework.org/schema/util/spring-util-4.0.xsd
	http://www.springframework.org/schema/aop 
	http://www.springframework.org/schema/aop/spring-aop-4.0.xsd
	http://www.springframework.org/schema/oxm 
	http://www.springframework.org/schema/oxm/spring-oxm-4.0.xsd
	http://www.springframework.org/schema/security 
	http://www.springframework.org/schema/security/spring-security-4.0.xsd
    http://www.springframework.org/schema/websocket
    http://www.springframework.org/schema/websocket/spring-websocket-4.0.xsd
    http://www.springframework.org/schema/rabbit
    http://www.springframework.org/schema/rabbit/spring-rabbit-1.0.xsd
	http://www.springframework.org/schema/task
	http://www.springframework.org/schema/task/spring-task-4.0.xsd">

 	<context:annotation-config/>
	<context:component-scan base-package="edu.zipcloud.cloudstreetmarket.ws,edu.zipcloud.cloudstreetmarket.shared"/>
	<context:property-placeholder location="file:${user.home}/app/cloudstreetmarket.properties" />

	<mvc:interceptors>
		<bean class="edu.zipcloud.cloudstreetmarket.ws.controllers.CloudstreetWebSocketWCI"/>
	</mvc:interceptors>

	<bean class="org.springframework.web.socket.server.support.OriginHandshakeInterceptor">
	    <property name="allowedOrigins">
	    	<list>
	    		<value>http://cloudstreetmarket.com</value>
	    	</list>
	    </property>
	</bean>

	<rabbit:connection-factory id="rabbitConnectionFactory" username="guest" host="localhost" password="guest"/>

 	<bean id="rabbitListenerContainerFactory"
          class="org.springframework.amqp.rabbit.config.SimpleRabbitListenerContainerFactory">
        <property name="connectionFactory" ref="rabbitConnectionFactory"/>
        <property name="concurrentConsumers" value="3"/>
        <property name="maxConcurrentConsumers" value="10"/>
        <property name="prefetchCount" value="12"/>
    </bean>

	<security:global-method-security secured-annotations="enabled" proxy-target-class="true" pre-post-annotations="enabled" authentication-manager-ref="authenticationManager"/>

	<!-- Serve static content-->
	<mvc:default-servlet-handler />
	<mvc:annotation-driven />
</beans>